{"stats":{"minecraft:picked_up":{"minecraft:wheat_seeds":1,"minecraft:dirt":1},"minecraft:custom":{"minecraft:jump":9,"minecraft:time_since_rest":1071,"minecraft:play_one_minute":1071,"minecraft:leave_game":1,"minecraft:sprint_one_cm":1911,"minecraft:time_since_death":1071,"minecraft:walk_one_cm":1430,"minecraft:fall_one_cm":209,"minecraft:drop":1,"minecraft:fly_one_cm":1721},"minecraft:used":{"minecraft:dirt":1},"minecraft:dropped":{"minecraft:wheat_seeds":1},"minecraft:mined":{"minecraft:grass":1,"minecraft:grass_block":1}},"DataVersion":2586}